[{"username": "moh", "firstName": "", "lastName": "", "dateOfBirth": "", "friendsList": []}, {"username": "moh", "firstName": "", "lastName": "", "dateOfBirth": "", "friendsList": []}, {"username": "Abdou", "firstName": "", "lastName": "", "dateOfBirth": "", "friendsList": []}, {"username": "Abdou", "firstName": "", "lastName": "", "dateOfBirth": "", "friendsList": []}, {"username": "abdou", "firstName": "", "lastName": "", "dateOfBirth": "", "friendsList": []}, {"username": "abdou", "firstName": "", "lastName": "", "dateOfBirth": "", "friendsList": []}, {"username": "abdou", "firstName": "", "lastName": "", "dateOfBirth": "", "friendsList": []}]